skill-yaei,野営章,false,https://www.scout.or.jp/member/skill-yaei
skill-yaei-kanri,野営管理章,true,https://www.scout.or.jp/member/skill-yaei-kanri
skill-kyukyu,救急章,true,https://www.scout.or.jp/member/skill-kyukyu
skill-yagai-suiji,野外炊事章,false,https://www.scout.or.jp/member/skill-yagai-suiji
skill-komin,公民章,false,https://www.scout.or.jp/member/skill-komin
skill-pioneering,パイオニアリング章,true,https://www.scout.or.jp/member/skill-pioneering
skill-leadership,リーダーシップ章,false,https://www.scout.or.jp/member/skill-leadership
skill-hiking,ハイキング章,false,https://www.scout.or.jp/member/skill-hiking
skill-scout-song,スカウトソング章,false,https://www.scout.or.jp/member/skill-scout-song
skill-tsushin,通信章,false,https://www.scout.or.jp/member/skill-tsushin
skill-keisoku,計測章,false,https://www.scout.or.jp/member/skill-keisoku
skill-kansatsu,観察章,false,https://www.scout.or.jp/member/skill-kansatsu
skill-suiei,水泳章,true,https://www.scout.or.jp/member/skill-suiei
skill-annai,案内章,true,https://www.scout.or.jp/member/skill-annai
skill-energy,エネルギー章,true,https://www.scout.or.jp/member/skill-energy
skill-kaigo,介護章,true,https://www.scout.or.jp/member/skill-kaigo
skill-kango,看護章,true,https://www.scout.or.jp/member/skill-kango
skill-syuwa,手話章,true,https://www.scout.or.jp/member/skill-syuwa
skill-sekai-yujyo,世界友情章,true,https://www.scout.or.jp/member/skill-sekai-yujyo
skill-tuyaku,通訳章,true,https://www.scout.or.jp/member/skill-tuyaku
skill-tenji,点字章,true,https://www.scout.or.jp/member/skill-tenji
skill-engei,園芸章,true,https://www.scout.or.jp/member/skill-engei
skill-engeki,演劇章,true,https://www.scout.or.jp/member/skill-engeki
skill-ongaku,音楽章,true,https://www.scout.or.jp/member/skill-ongaku
skill-kaiga,絵画章,true,https://www.scout.or.jp/member/skill-kaiga
skill-kado,華道章,true,https://www.scout.or.jp/member/skill-kado
skill-sado,茶道章,true,https://www.scout.or.jp/member/skill-sado
skill-syashin,写真章,true,https://www.scout.or.jp/member/skill-syashin
skill-syodo,書道章,true,https://www.scout.or.jp/member/skill-syodo
skill-takezaiku,竹細工章,true,https://www.scout.or.jp/member/skill-takezaiku
skill-dento-geino,伝統芸能章,true,https://www.scout.or.jp/member/skill-dento-geino
skill-bunkazai-hogo,文化財保護章,true,https://www.scout.or.jp/member/skill-bunkazai-hogo
skill-mokko,木工章,true,https://www.scout.or.jp/member/skill-mokko
skill-anzen,安全章,true,https://www.scout.or.jp/member/skill-anzen
skill-engan-sisatsu,沿岸視察章,true,https://www.scout.or.jp/member/skill-engan-sisatsu
skill-katei-syuri,家庭修理章,true,https://www.scout.or.jp/member/skill-katei-syuri
skill-kankyo-eisei,環境衛生章,true,https://www.scout.or.jp/member/skill-kankyo-eisei
skill-computer,コンピュータ章,true,https://www.scout.or.jp/member/skill-computer
skill-saiho,裁縫章,true,https://www.scout.or.jp/member/skill-saiho
skill-sakunyu,搾乳章,true,https://www.scout.or.jp/member/skill-sakunyu
skill-jidosya,自動車章,true,https://www.scout.or.jp/member/skill-jidosya
skill-jimu,事務章,true,https://www.scout.or.jp/member/skill-jimu
skill-syuzan,珠算章,true,https://www.scout.or.jp/member/skill-syuzan
skill-syobo,消防章,true,https://www.scout.or.jp/member/skill-syobo
skill-shingo,信号章,true,https://www.scout.or.jp/member/skill-shingo
skill-shinrin-aigo,森林愛護章,true,https://www.scout.or.jp/member/skill-shinrin-aigo
skill-sentaku,洗濯章,true,https://www.scout.or.jp/member/skill-sentaku
skill-sokuryo,測量章,true,https://www.scout.or.jp/member/skill-sokuryo
skill-sokko,測候章,true,https://www.scout.or.jp/member/skill-sokko
skill-cyorui-hogo,鳥類保護章,true,https://www.scout.or.jp/member/skill-cyorui-hogo
skill-tsuri,釣り章,true,https://www.scout.or.jp/member/skill-tsuri
skill-dekisya-kyujyo,溺者救助章,true,https://www.scout.or.jp/member/skill-dekisya-kyujyo
skill-denki,電気章,true,https://www.scout.or.jp/member/skill-denki
skill-tenmon,天文章,true,https://www.scout.or.jp/member/skill-tenmon
skill-dojyo,土壌章,true,https://www.scout.or.jp/member/skill-dojyo
skill-nokigu,農機具章,true,https://www.scout.or.jp/member/skill-nokigu
skill-nogyo-keiei,農業経営章,true,https://www.scout.or.jp/member/skill-nogyo-keiei
skill-boki,簿記章,true,https://www.scout.or.jp/member/skill-boki
skill-musen-tsushin,無線通信章,true,https://www.scout.or.jp/member/skill-musen-tsushin
skill-yusen-tsushin,有線通信章,true,https://www.scout.or.jp/member/skill-yusen-tsushin
skill-yokei,養鶏章,true,https://www.scout.or.jp/member/skill-yokei
skill-yoton,養豚章,true,https://www.scout.or.jp/member/skill-yoton
skill-radio,ラジオ章,true,https://www.scout.or.jp/member/skill-radio
skill-warako,わら工章,true,https://www.scout.or.jp/member/skill-warako
skill-archery,アーチェリー章,true,https://www.scout.or.jp/member/skill-archery
skill-orienteering,オリエンテーリング章,true,https://www.scout.or.jp/member/skill-orienteering
skill-canoe,カヌー章,true,https://www.scout.or.jp/member/skill-canoe
skill-jitensya,自転車章,true,https://www.scout.or.jp/member/skill-jitensya
skill-ski,スキー章,true,https://www.scout.or.jp/member/skill-ski
skill-skate,スケート章,true,https://www.scout.or.jp/member/skill-skate
skill-sotei,漕艇章,true,https://www.scout.or.jp/member/skill-sotei
skill-tozan,登山章,true,https://www.scout.or.jp/member/skill-tozan
skill-baji,馬事章,true,https://www.scout.or.jp/member/skill-baji
skill-power-boat, 小型船舶章,true,https://www.scout.or.jp/member/skill-power-boat
skill-yacht,ヨット章,true,https://www.scout.or.jp/member/skill-yacht
skill-budo-bujyutsu,武道・武術章,true,https://www.scout.or.jp/member/skill-budo-bujyutsu
skill-kankyo-hogo,環境保護章,true,https://www.scout.or.jp/member/skill-kankyo-hogo
skill-houdou,報道章,true,https://www.scout.or.jp/member/skill-houdou
skill-yakuji,薬事章,true,https://www.scout.or.jp/member/skill-yakuji
skill-bousai,防災章,true,https://www.scout.or.jp/member/skill-bousai
skill-jyouhou-syori,情報処理章,true,https://www.scout.or.jp/member/skill-jyouhou-syori
skill-jyouhou-tsushin,情報通信章,true,https://www.scout.or.jp/member/skill-jyouhou-tsushin
skill-netuser,ネットユーザー章,true,https://www.scout.or.jp/member/skill-netuser
